sSCENARIO,dGAMMAI,dBETAI,dRHOIX
SCEN_1,0.0,0.0,-1.0
SCEN_2,0.0,0.0,-0.5
SCEN_3,0.0,0.0,0.0
SCEN_4,0.0,0.0,0.5
SCEN_5,0.0,0.0,1.0
SCEN_6,0.0,0.5,-1.0
SCEN_7,0.0,0.5,-0.5
SCEN_8,0.0,0.5,0.0
SCEN_9,0.0,0.5,0.5
SCEN_10,0.0,0.5,1.0
SCEN_11,0.0,1.0,-1.0
SCEN_12,0.0,1.0,-0.5
SCEN_13,0.0,1.0,0.0
SCEN_14,0.0,1.0,0.5
SCEN_15,0.0,1.0,1.0
SCEN_16,0.0,1.5,-1.0
SCEN_17,0.0,1.5,-0.5
SCEN_18,0.0,1.5,0.0
SCEN_19,0.0,1.5,0.5
SCEN_20,0.0,1.5,1.0
SCEN_21,0.0,2.0,-1.0
SCEN_22,0.0,2.0,-0.5
SCEN_23,0.0,2.0,0.0
SCEN_24,0.0,2.0,0.5
SCEN_25,0.0,2.0,1.0
SCEN_26,0.0,2.5,-1.0
SCEN_27,0.0,2.5,-0.5
SCEN_28,0.0,2.5,0.0
SCEN_29,0.0,2.5,0.5
SCEN_30,0.0,2.5,1.0
SCEN_31,0.0,3.0,-1.0
SCEN_32,0.0,3.0,-0.5
SCEN_33,0.0,3.0,0.0
SCEN_34,0.0,3.0,0.5
SCEN_35,0.0,3.0,1.0
SCEN_36,0.5,0.0,-1.0
SCEN_37,0.5,0.0,-0.5
SCEN_38,0.5,0.0,0.0
SCEN_39,0.5,0.0,0.5
SCEN_40,0.5,0.0,1.0
SCEN_41,0.5,0.5,-1.0
SCEN_42,0.5,0.5,-0.5
SCEN_43,0.5,0.5,0.0
SCEN_44,0.5,0.5,0.5
SCEN_45,0.5,0.5,1.0
SCEN_46,0.5,1.0,-1.0
SCEN_47,0.5,1.0,-0.5
SCEN_48,0.5,1.0,0.0
SCEN_49,0.5,1.0,0.5
SCEN_50,0.5,1.0,1.0
SCEN_51,0.5,1.5,-1.0
SCEN_52,0.5,1.5,-0.5
SCEN_53,0.5,1.5,0.0
SCEN_54,0.5,1.5,0.5
SCEN_55,0.5,1.5,1.0
SCEN_56,0.5,2.0,-1.0
SCEN_57,0.5,2.0,-0.5
SCEN_58,0.5,2.0,0.0
SCEN_59,0.5,2.0,0.5
SCEN_60,0.5,2.0,1.0
SCEN_61,0.5,2.5,-1.0
SCEN_62,0.5,2.5,-0.5
SCEN_63,0.5,2.5,0.0
SCEN_64,0.5,2.5,0.5
SCEN_65,0.5,2.5,1.0
SCEN_66,0.5,3.0,-1.0
SCEN_67,0.5,3.0,-0.5
SCEN_68,0.5,3.0,0.0
SCEN_69,0.5,3.0,0.5
SCEN_70,0.5,3.0,1.0
SCEN_71,1.0,0.0,-1.0
SCEN_72,1.0,0.0,-0.5
SCEN_73,1.0,0.0,0.0
SCEN_74,1.0,0.0,0.5
SCEN_75,1.0,0.0,1.0
SCEN_76,1.0,0.5,-1.0
SCEN_77,1.0,0.5,-0.5
SCEN_78,1.0,0.5,0.0
SCEN_79,1.0,0.5,0.5
SCEN_80,1.0,0.5,1.0
SCEN_81,1.0,1.0,-1.0
SCEN_82,1.0,1.0,-0.5
SCEN_83,1.0,1.0,0.0
SCEN_84,1.0,1.0,0.5
SCEN_85,1.0,1.0,1.0
SCEN_86,1.0,1.5,-1.0
SCEN_87,1.0,1.5,-0.5
SCEN_88,1.0,1.5,0.0
SCEN_89,1.0,1.5,0.5
SCEN_90,1.0,1.5,1.0
SCEN_91,1.0,2.0,-1.0
SCEN_92,1.0,2.0,-0.5
SCEN_93,1.0,2.0,0.0
SCEN_94,1.0,2.0,0.5
SCEN_95,1.0,2.0,1.0
SCEN_96,1.0,2.5,-1.0
SCEN_97,1.0,2.5,-0.5
SCEN_98,1.0,2.5,0.0
SCEN_99,1.0,2.5,0.5
SCEN_100,1.0,2.5,1.0
SCEN_101,1.0,3.0,-1.0
SCEN_102,1.0,3.0,-0.5
SCEN_103,1.0,3.0,0.0
SCEN_104,1.0,3.0,0.5
SCEN_105,1.0,3.0,1.0
SCEN_106,1.5,0.0,-1.0
SCEN_107,1.5,0.0,-0.5
SCEN_108,1.5,0.0,0.0
SCEN_109,1.5,0.0,0.5
SCEN_110,1.5,0.0,1.0
SCEN_111,1.5,0.5,-1.0
SCEN_112,1.5,0.5,-0.5
SCEN_113,1.5,0.5,0.0
SCEN_114,1.5,0.5,0.5
SCEN_115,1.5,0.5,1.0
SCEN_116,1.5,1.0,-1.0
SCEN_117,1.5,1.0,-0.5
SCEN_118,1.5,1.0,0.0
SCEN_119,1.5,1.0,0.5
SCEN_120,1.5,1.0,1.0
SCEN_121,1.5,1.5,-1.0
SCEN_122,1.5,1.5,-0.5
SCEN_123,1.5,1.5,0.0
SCEN_124,1.5,1.5,0.5
SCEN_125,1.5,1.5,1.0
SCEN_126,1.5,2.0,-1.0
SCEN_127,1.5,2.0,-0.5
SCEN_128,1.5,2.0,0.0
SCEN_129,1.5,2.0,0.5
SCEN_130,1.5,2.0,1.0
SCEN_131,1.5,2.5,-1.0
SCEN_132,1.5,2.5,-0.5
SCEN_133,1.5,2.5,0.0
SCEN_134,1.5,2.5,0.5
SCEN_135,1.5,2.5,1.0
SCEN_136,1.5,3.0,-1.0
SCEN_137,1.5,3.0,-0.5
SCEN_138,1.5,3.0,0.0
SCEN_139,1.5,3.0,0.5
SCEN_140,1.5,3.0,1.0
SCEN_141,2.0,0.0,-1.0
SCEN_142,2.0,0.0,-0.5
SCEN_143,2.0,0.0,0.0
SCEN_144,2.0,0.0,0.5
SCEN_145,2.0,0.0,1.0
SCEN_146,2.0,0.5,-1.0
SCEN_147,2.0,0.5,-0.5
SCEN_148,2.0,0.5,0.0
SCEN_149,2.0,0.5,0.5
SCEN_150,2.0,0.5,1.0
SCEN_151,2.0,1.0,-1.0
SCEN_152,2.0,1.0,-0.5
SCEN_153,2.0,1.0,0.0
SCEN_154,2.0,1.0,0.5
SCEN_155,2.0,1.0,1.0
SCEN_156,2.0,1.5,-1.0
SCEN_157,2.0,1.5,-0.5
SCEN_158,2.0,1.5,0.0
SCEN_159,2.0,1.5,0.5
SCEN_160,2.0,1.5,1.0
SCEN_161,2.0,2.0,-1.0
SCEN_162,2.0,2.0,-0.5
SCEN_163,2.0,2.0,0.0
SCEN_164,2.0,2.0,0.5
SCEN_165,2.0,2.0,1.0
SCEN_166,2.0,2.5,-1.0
SCEN_167,2.0,2.5,-0.5
SCEN_168,2.0,2.5,0.0
SCEN_169,2.0,2.5,0.5
SCEN_170,2.0,2.5,1.0
SCEN_171,2.0,3.0,-1.0
SCEN_172,2.0,3.0,-0.5
SCEN_173,2.0,3.0,0.0
SCEN_174,2.0,3.0,0.5
SCEN_175,2.0,3.0,1.0
SCEN_176,2.5,0.0,-1.0
SCEN_177,2.5,0.0,-0.5
SCEN_178,2.5,0.0,0.0
SCEN_179,2.5,0.0,0.5
SCEN_180,2.5,0.0,1.0
SCEN_181,2.5,0.5,-1.0
SCEN_182,2.5,0.5,-0.5
SCEN_183,2.5,0.5,0.0
SCEN_184,2.5,0.5,0.5
SCEN_185,2.5,0.5,1.0
SCEN_186,2.5,1.0,-1.0
SCEN_187,2.5,1.0,-0.5
SCEN_188,2.5,1.0,0.0
SCEN_189,2.5,1.0,0.5
SCEN_190,2.5,1.0,1.0
SCEN_191,2.5,1.5,-1.0
SCEN_192,2.5,1.5,-0.5
SCEN_193,2.5,1.5,0.0
SCEN_194,2.5,1.5,0.5
SCEN_195,2.5,1.5,1.0
SCEN_196,2.5,2.0,-1.0
SCEN_197,2.5,2.0,-0.5
SCEN_198,2.5,2.0,0.0
SCEN_199,2.5,2.0,0.5
SCEN_200,2.5,2.0,1.0
SCEN_201,2.5,2.5,-1.0
SCEN_202,2.5,2.5,-0.5
SCEN_203,2.5,2.5,0.0
SCEN_204,2.5,2.5,0.5
SCEN_205,2.5,2.5,1.0
SCEN_206,2.5,3.0,-1.0
SCEN_207,2.5,3.0,-0.5
SCEN_208,2.5,3.0,0.0
SCEN_209,2.5,3.0,0.5
SCEN_210,2.5,3.0,1.0
SCEN_211,3.0,0.0,-1.0
SCEN_212,3.0,0.0,-0.5
SCEN_213,3.0,0.0,0.0
SCEN_214,3.0,0.0,0.5
SCEN_215,3.0,0.0,1.0
SCEN_216,3.0,0.5,-1.0
SCEN_217,3.0,0.5,-0.5
SCEN_218,3.0,0.5,0.0
SCEN_219,3.0,0.5,0.5
SCEN_220,3.0,0.5,1.0
SCEN_221,3.0,1.0,-1.0
SCEN_222,3.0,1.0,-0.5
SCEN_223,3.0,1.0,0.0
SCEN_224,3.0,1.0,0.5
SCEN_225,3.0,1.0,1.0
SCEN_226,3.0,1.5,-1.0
SCEN_227,3.0,1.5,-0.5
SCEN_228,3.0,1.5,0.0
SCEN_229,3.0,1.5,0.5
SCEN_230,3.0,1.5,1.0
SCEN_231,3.0,2.0,-1.0
SCEN_232,3.0,2.0,-0.5
SCEN_233,3.0,2.0,0.0
SCEN_234,3.0,2.0,0.5
SCEN_235,3.0,2.0,1.0
SCEN_236,3.0,2.5,-1.0
SCEN_237,3.0,2.5,-0.5
SCEN_238,3.0,2.5,0.0
SCEN_239,3.0,2.5,0.5
SCEN_240,3.0,2.5,1.0
SCEN_241,3.0,3.0,-1.0
SCEN_242,3.0,3.0,-0.5
SCEN_243,3.0,3.0,0.0
SCEN_244,3.0,3.0,0.5
SCEN_245,3.0,3.0,1.0
